INSERT INTO employee (name,age,salary) VALUES ('Raghu', 32, 50000);

----------------------------------------------------------------------

INSERT INTO employee (name,age,salary) VALUES

("Sahyam Gupta", 35, 50000),
("Sayan Lal", 21, 80000),
("Sourav Mandal", 42, 30000),
("Subodh Mukherjee", 32, 120000),
("Bikram Roy", 52, 6000),
("Ajith Gupta", 61, 90000);

------------------------------------------------------------------------


INSERT INTO employee2 (name,age,salary) VALUES

("Sahyam Gupta", 35, 50000),
("Sayan Lal", 21, 80000),
("Sourav Mandal", 42, 30000),
("Subodh Mukherjee", 32, 120000);


-------------------------------------------------------------------------
INSERT INTO employee3 (id,name,age,salary) VALUES

(23454,"Sahyam Gupta", 35, 50000),
(412125,"Sayan Lal", 21, 80000),
(22435,"Sourav Mandal", 42, 30000),
(09781,"Subodh Mukherjee", 32, 120000);


------------------------------------------------------------------------
INSERT INTO employee4 (name,age,salary) VALUES

("Sahyam Gupta", 35, 50000),
("Sayan Lal", 21, 80000),
("Sourav Mandal", 42, 30000),
("Subodh Mukherjee", 32, 120000);

------------------------------------------------------------------------

-- Correct DateTime Format is : YYYY-MM-DD
INSERT INTO students (stu_fname,stu_lname,stu_email,stu_no,stu_date,stu_loc) VALUES
("Sahyam", "Singh", "ram@gmail", "9475889780", '2019-02-12', "Bangalore"),
("Radha", "Mohapatra", "hanuman@gmail", "9475567980", '2020-04-12', "Pune"),
("Gyan", "Santra", "gudipadba@gmail", "9434567880", '2013-05-12', "Kolkata"),
("Briju", "Roy", "lalumama@gmail", "9475346578", '2023-02-12', "Delhi"),
("Shailendra", "Gupta", "sen@yahoo", "9474889680", '2019-06-12', "Mumbai"),
("Som", "Lal", "sen1.56@gmail", "9475889781", '2024-02-12', "Bangalore"),
("Herralal", "Mandal", "sen@proton", "9472889780", '2019-06-22', "Chennai"),
("Panna", "Sen", "sen@reddif", "9475889740", '2025-02-02', "Bangalore"),
("Chuni", "Gupta", "sen@hotmail", "9498765801", '2021-06-12', "Lahore");

------------------------------------------------------------------------


INSERT INTO courses (course_name) VALUES

("Django"),
("AI-ML"),
("Kerberos"),
("Data Science"),
("Bigdata"),
("Java"),
("Python");


INSERT INTO example (ID,Name) VALUES (1, "NILANJAN"), (2, "Rahul");